model,variant,status,memopro chose,load s,weights on,peak GPU used,peak host used,TTFT 512 s,TTFT 2048 s,decode tok/s,ppl,ppl vs ref,ref,answers same,common prefix,note
Qwen2.5-1.5B-Instruct,hf_bnb4,ok,-,3.7,cuda 1.0G,3.31 GiB,3.86 GiB,0.41,0.76,14.7,13.677,+8.4%,hf_fp16_auto,0/3,0.14,
Qwen2.5-1.5B-Instruct,hf_bnb8,ok,-,17.6,cuda 1.7G,3.88 GiB,3.83 GiB,0.39,1.00,4.0,12.713,+0.7%,hf_fp16_auto,0/3,0.14,
Qwen2.5-1.5B-Instruct,hf_fp16_auto,ok,-,13.8,cuda 2.9G,5.11 GiB,3.92 GiB,0.16,0.67,16.9,12.619,+0.0%,hf_fp16_auto,3/3,1.00,
Qwen2.5-1.5B-Instruct,memopro,ok,stored,1.2,cuda 2.9G,5.12 GiB,3.78 GiB,0.57,2.50,21.8,12.621,+0.0%,hf_fp16_auto,2/3,0.71,
Qwen2.5-1.5B-Instruct,memopro_low,ok,stored,2.9,cuda 2.9G,5.12 GiB,3.78 GiB,0.57,2.57,23.3,12.621,+0.0%,hf_fp16_auto,2/3,0.71,
Qwen2.5-14B-Instruct,hf_bnb4,ok,-,213.4,cuda 9.1G,12.34 GiB,4.16 GiB,1.51,6.46,7.6,5.568,+0.1%,memopro_low,1/3,0.56,
Qwen2.5-14B-Instruct,hf_bnb8,error,-,-,-,0.10 GiB,3.45 GiB,-,-,-,-,-,-,-,-,ValueError: Some modules are dispatched on the CPU or the disk. Make sure you have enough 
Qwen2.5-14B-Instruct,hf_fp16_auto,skipped,-,-,-,-,-,-,-,-,-,-,-,-,-,fp16 28 GB > GPU 15 GB + host 12.7 GB
Qwen2.5-14B-Instruct,memopro,does_not_fit,-,-,-,0.13 GiB,3.39 GiB,-,-,-,-,-,-,-,-,no configuration of /content/drive/MyDrive/memopro_colab/hf_cache/hub/models--Qwen--Qwen2.
Qwen2.5-14B-Instruct,memopro_low,ok,quant.int4,661.7,cuda 9.1G,12.94 GiB,5.02 GiB,1.38,6.47,9.0,5.562,+0.0%,memopro_low,3/3,1.00,
Qwen2.5-3B-Instruct,hf_bnb4,ok,-,24.1,cuda 1.9G,4.31 GiB,4.01 GiB,0.44,1.54,10.9,12.061,+8.0%,hf_fp16_auto,0/3,0.06,
Qwen2.5-3B-Instruct,hf_bnb8,ok,-,32.4,cuda 3.2G,5.63 GiB,3.99 GiB,0.52,1.72,3.0,11.416,+2.2%,hf_fp16_auto,1/3,0.40,
Qwen2.5-3B-Instruct,hf_fp16_auto,ok,-,30.7,cuda 5.7G,8.12 GiB,3.99 GiB,0.25,1.22,15.3,11.169,+0.0%,hf_fp16_auto,3/3,1.00,
Qwen2.5-3B-Instruct,memopro,ok,stored,22.1,cuda 5.7G,8.12 GiB,3.91 GiB,1.40,6.55,18.7,11.141,-0.3%,hf_fp16_auto,1/3,0.61,
Qwen2.5-3B-Instruct,memopro_low,ok,stored,21.7,cuda 5.7G,8.12 GiB,3.95 GiB,1.33,6.08,17.2,11.141,-0.3%,hf_fp16_auto,1/3,0.61,
Qwen2.5-7B-Instruct,hf_bnb4,ok,-,60.3,cuda 5.1G,7.91 GiB,4.05 GiB,0.80,3.01,13.6,9.047,+7.6%,hf_fp16_auto,1/3,0.64,
Qwen2.5-7B-Instruct,hf_bnb8,ok,-,82.3,cuda 8.1G,11.19 GiB,4.04 GiB,0.71,3.72,4.0,8.489,+1.0%,hf_fp16_auto,2/3,0.74,
Qwen2.5-7B-Instruct,hf_fp16_auto,ok,-,61.5,"cuda 11.9G, meta 2.3G",14.11 GiB,6.43 GiB,1.03,2.76,1.5,8.407,+0.0%,hf_fp16_auto,3/3,1.00,
Qwen2.5-7B-Instruct,memopro,ok,quant.int8,72.4,cuda 8.1G,11.19 GiB,4.36 GiB,0.52,2.69,5.6,8.473,+0.8%,hf_fp16_auto,2/3,0.87,
Qwen2.5-7B-Instruct,memopro_low,ok,quant.int8,73.5,cuda 8.1G,11.19 GiB,4.33 GiB,0.52,2.82,5.5,8.473,+0.8%,hf_fp16_auto,2/3,0.87,
