check,criterion,result,detail
T1,repository tests on the T4: no failures,fail,"{'failed': 1, 'passed': 33, 'skipped': 10} ['FAILED tests/test_rt_torch.py::test_rows_after_the_prompt_are_computed_as_in_plain_generation[cpu]']"
L-R1,W1/W2 results equal the plain run at every ceiling,pass,"[True, True, True, True, True, True]"
L-B1,peak RSS <= ceiling + 32 MiB at 0.75 and 0.5; W2 overruns 0,pass,W1 075: 0.59 GiB vs 0.59 GiB; W2 075: 0.82 GiB vs 0.82 GiB; W1 05: 0.40 GiB vs 0.39 GiB; W2 05: 0.55 GiB vs 0.55 GiB
L-O1,ample ceiling: W1 time <= 1.15x plain; W2 waited <= 0.2 s,fail,W1 5.01 -> 5.99 s; W2 waited 0.00 s
L-P1,W2 estimate within 0.25 x waited + 0.2 s at 0.75 and 0.5,pass,075: estimate 7.93 vs waited 7.20 s; 05: estimate 12.60 vs waited 12.15 s
U1,7B 16-bit: Unsloth does not complete; memopro completes at both budgets,fail,"Unsloth ok ; memopro ['ok', 'ok']"
U2,"memopro losses bit-identical across budgets (3B, 7B)",pass,"[True, True]"
U3,"3B 16-bit: step s, GPU peak, host peak (PEFT / memopro / Unsloth)",n/a,step s 5.12 / 5.74 / 0.59; GPU 6.43 GiB / 6.41 GiB / 6.41 GiB; host 4.69 GiB / 3.78 GiB / 4.40 GiB; Unsloth dtype torch.float16
U4,"7B: Unsloth 4-bit vs memopro 16-bit (step s, GPU, first loss)",n/a,step s 1.74 / 42.37; GPU 5.84 GiB / 14.31 GiB; first loss 2.5641 / 2.5411
U5,3B loss difference from PEFT (max abs),n/a,"memopro 0.00666, Unsloth 0.00657"
V,DINOv2 streamed inference output = loaded normally (both budgets),pass,"plain ok 1.57 s; memopro [('ok', '1.65'), ('ok', '1.69')]"
VL,DINOv2 LoRA losses bit-identical across budgets,fail,"['ok', 'ok'] [2.4394, 2.1968, 1.8823, 1.5135, 1.3343]"
S,DINOv2 streamed inference time <= 2x plain (0202),pass,"plain 1.57, memopro 1.69 s; copies {'copies': 807, 'copy_bytes': 4545923072, 'hits': 807, 'prefetched': 0, 'gpu_budget': 13181553869, 'gpu_cache_bytes': 4545923072}"
D-image,"finished cases give the plain result (report: peak, time, overruns)",pass,ok; peak 0.77 GiB vs ceiling 0.77 GiB (plain 1.54 GiB); 12.0 -> 32.2 s; overruns 0
D-classify,"finished cases give the plain result (report: peak, time, overruns)",pass,ok; peak 1.19 GiB vs ceiling 1.19 GiB (plain 2.38 GiB); 17.6 -> 61.7 s; overruns 0
D-dataframe,"finished cases give the plain result (report: peak, time, overruns)",n/a,timeout; peak 0.00 GiB vs ceiling - (plain 1.66 GiB); 17.6 -> - s; overruns None
D-simulate,"finished cases give the plain result (report: peak, time, overruns)",pass,ok; peak 1.28 GiB vs ceiling 1.08 GiB (plain 2.16 GiB); 50.1 -> 451.7 s; overruns 60871
