t_s,gpu_used_bytes,gpu_util_pct,host_used_bytes,swap_used_bytes
0.04,3145728,0,1829449728,0
0.61,3145728,0,2045095936,0
1.15,3145728,0,2092453888,0
1.7,13631488,0,2192175104,0
2.23,110100480,0,2236477440,0
2.77,110100480,0,2236297216,0
3.3,110100480,0,2248425472,0
3.87,110100480,0,2245828608,0
4.43,110100480,0,2261557248,0
4.99,110100480,0,2265096192,0
5.54,110100480,0,2281349120,0
6.09,110100480,0,2316513280,0
6.65,110100480,0,2339450880,0
7.21,110100480,0,2315657216,0
7.74,110100480,0,2358386688,0
8.29,110100480,0,2380767232,0
8.82,110100480,0,2424893440,0
9.35,164626432,0,2562818048,0
9.88,397410304,24,2784436224,0
10.41,617611264,19,2837094400,0
10.95,189792256,0,2715242496,0
11.48,189792256,0,2716073984,0
